ID,Name,Email,Date,Website
2020,Callahan,urangel@espinoza-francis.net,2020-08-26,http://www.escobar.org/
08,Ferrell,xreese@hall-donovan.com,2020-04-27,https://tyler-pugh.info/
26,Andersen,haleybraun@blevins-sexton.com,2022-03-22,https://www.mack-bell.net/
1,Ponce,hohailey@anthony.com,2020-07-02,https://delacruz-freeman.org/
2020,Mccormick,alvaradojesse@rangel-shields.com,2021-01-17,https://welch.info/
04,Lee,briangriffin@chang.org,2021-08-13,https://www.roberts.com/
27,Hoffman,bauergerald@morrison.com,2020-04-09,http://www.holt.com/
2,Wiggins,changkellie@howell.com,2021-04-02,http://carlson.com/
3,Payne,mayerjerome@hurst-graham.net,2020-11-26,https://www.glenn-snow.com/
2022,Franco,kentryan@stone-oneill.com,2021-06-29,http://ruiz.com/
03,Hawkins,danielbuckley@hatfield.info,2021-05-02,https://www.newman.com/
22,Shaffer,gabrielaleach@rose.net,2021-04-07,https://www.hoffman-rubio.com/
4,Moran,cartermallory@chung.com,2020-02-28,https://hinton.info/
2020,Hammond,lweeks@hooper.org,2022-03-03,https://bush-huynh.org/
07,Blackwell,calhounalisha@hardin.net,2021-03-30,https://barker-bishop.info/
02,Newton,ypayne@gaines.biz,2020-08-09,https://figueroa.com/
2021,Archer,nwu@brady-chen.com,2021-05-21,http://www.callahan.net/
01,Griffin,harold11@mullen.org,2021-06-02,http://www.mclaughlin-hubbard.net/
17,Valencia,andrewsanders@marks.com,2021-04-17,http://www.myers.com/
5,Ramsey,amy99@booker.com,2020-12-30,http://www.larsen-floyd.biz/
6,Meadows,basschristian@faulkner.com,2020-01-01,https://chavez.com/
2021,Brock,ldelacruz@spence.com,2021-06-27,https://www.norman.org/
08,Pope,hayleyritter@price.net,2020-05-19,http://www.moyer.com/
13,Stanton,yhebert@hays-rivera.com,2020-01-23,http://young.com/
7,Flynn,austinhobbs@briggs.com,2020-09-05,http://huerta-cordova.info/
2020,Williamson,zramos@haney.org,2020-03-06,http://www.allison-clements.com/
04,Calderon,shelley82@jarvis.com,2021-06-17,http://www.larsen.org/
09,Walton,sharigriffin@cameron.com,2020-11-15,https://quinn.biz/
8,Mack,rpace@huynh.com,2021-03-01,http://www.macdonald-lyons.com/
2021,Jacobson,emullins@simpson-christensen.com,2021-09-02,http://www.guerra-armstrong.com/
04,Harper,patricialeach@hernandez.biz,2020-07-06,http://www.barajas-hendrix.com/
02,Mayer,mindy15@fuentes.org,2020-07-15,http://perkins.com/
2020,Owens,jake39@little.com,2022-01-02,https://mckee-hill.net/
11,Davies,mhudson@hardin.com,2021-03-09,https://www.bray.com/
26,Cruz,nlane@kane-pennington.com,2022-05-03,https://www.tran.net/
9,Hubbard,savannah10@simpson.com,2021-03-17,https://www.velazquez-wright.com/
2021,Bennett,cristian16@hill-beard.com,2021-01-12,https://www.frederick.com/
06,Hansen,jasmineaustin@whitehead.info,2020-01-14,https://www.graves.info/
29,Foster,samuel97@wyatt.com,2020-10-29,https://www.schmitt.com/
10,Medina,karlgarrett@fischer.biz,2020-03-02,http://www.nicholson.org/
11,Santana,biancahenry@hernandez.org,2021-06-11,http://www.gates.net/
2021,Moreno,marisa13@hickman.com,2022-02-12,https://www.gillespie.biz/
05,Bush,billymorris@lambert-irwin.com,2020-02-13,http://www.zhang.com/
02,Davenport,barry91@howe.info,2020-05-10,https://www.davenport.com/
12,Terry,kdavies@owen-humphrey.info,2021-01-04,http://www.grimes-summers.com/
2021,Esparza,gregghendricks@conner-weiss.info,2020-09-24,http://harris.net/
04,Richard Moore,alfredbradford@perry.com,2022-04-17,https://www.delacruz.com/
07,Gillespie,ngilmore@bush.net,2021-12-25,https://www.tyler.com/
13,Lin,vgilbert@romero.biz,2020-06-23,https://www.long-hickman.com/
2020,Thomas,dgould@graham-winters.com,2021-10-06,https://johns-sharp.com/
02,Fischer,fsuarez@cooper-montes.biz,2021-10-21,http://mcgrath.org/
28,West,natasha83@delacruz-edwards.com,2020-01-26,https://spencer.com/
14,Morton,mbonilla@hampton.com,2020-01-22,https://www.lindsey.org/
2022,Guerra,basskaylee@lynn-gill.biz,2021-08-19,https://www.leblanc.com/
03,Shelton,lfaulkner@villanueva.com,2022-05-12,https://giles-newton.com/
03,Meza,maystiffany@davidson.com,2022-04-21,https://richmond.com/
15,Tapia,katie69@romero.net,2020-11-12,https://nolan.com/
2021,Powell,valerie35@olsen.com,2020-10-11,http://www.fernandez-fisher.com/
03,Irwin,ivanhiggins@charles-estrada.com,2021-09-30,https://www.mcneil.com/
30,Hodge,xcallahan@cantu.com,2021-06-26,https://www.nguyen.com/
16,Drake,melvindrake@friedman-bradley.com,2021-10-22,https://www.cain-allen.com/
2020,Tran,carpentergary@vance-weeks.com,2022-03-03,https://www.snow.org/
08,Webster,duartejohnathan@pennington.com,2020-09-02,https://www.knight.net/
09,Mcclure,zbrock@blevins-payne.com,2020-03-10,http://www.rush.biz/
17,Wu,phelpsandres@hartman-cooper.org,2021-03-15,http://www.levine.com/
2021,Bridges,nataliefarley@richardson.com,2021-10-05,http://carrillo.com/
05,Washington,daisyblair@walsh-holmes.org,2021-12-05,https://www.trevino.info/
21,Ayala,thomasnicholas@blankenship-ford.com,2021-09-26,https://www.wagner.org/
2021,Hooper,hburke@duke-mcmahon.com,2020-12-05,https://www.copeland.org/
06,Robbins,lonnielittle@hoffman-meadows.com,2020-03-15,http://moyer.com/
02,Cobb,qmcdaniel@cruz.net,2020-12-20,https://www.acevedo-macdonald.net/
18,Salas,austinvang@glenn.com,2021-06-22,https://deleon.com/
19,Long,shortfrederick@cobb.net,2020-01-12,https://www.roach.com/
2021,Kemp,yolanda69@rosario.com,2022-01-09,http://www.blankenship.com/
04,Horn,michaela80@russell.com,2020-07-21,http://www.terrell.com/
17,Spears,ashley39@garrison.com,2020-02-26,https://www.rodgers.biz/
20,Ortiz Ortega,alan50@hobbs.info,2021-09-13,https://valdez-li.org/
2020,Cantu,hsantos@lopez.info,2020-05-21,http://whitehead.info/
12,Pittman,robbinsgordon@dyer-kim.info,2021-09-29,http://barr-salas.org/
30,Cowan,meghanfernandez@patel-todd.com,2020-11-02,http://schaefer.com/
2020,Chen,gabrielarobbins@hawkins-bernard.com,2020-09-05,http://www.benson-keller.com/
01,Stanley,qlarson@berry.biz,2021-09-24,http://www.potts-conrad.com/
01,Gallegos,hmorgan@olson.com,2020-04-30,https://ibarra.com/
21,Pruitt,charlottemercer@hensley.net,2020-12-12,http://watson-frye.org/
22,Vaughan,escobarisabella@harrell-santiago.info,2020-10-13,https://kirk-skinner.com/
2021,Bautista,jessica36@hart.com,2021-08-17,https://www.mccormick.biz/
06,Chase,ellen80@bonilla.com,2020-10-22,http://jefferson.com/
27,Hurley,chavezrandall@mckinney-stafford.net,2020-05-27,https://www.anthony.net/
23,Huang,gravesgrace@molina.org,2020-06-23,http://wise-mendez.com/
2020,Cummings Jackson,hhuerta@morris-case.info,2021-04-25,https://zimmerman.com/
05,Chapman,ydavid@potter.com,2022-05-16,http://sampson-marshall.biz/
19,Cortez,colealexander@turner.biz,2020-09-20,http://www.atkinson-may.com/
24,Hendrix,carpenterkylie@chambers-frost.com,2021-02-11,http://henry.com/
2020,Buchanan,adrian55@gardner-gaines.com,2022-04-14,https://www.gutierrez-lloyd.com/
01,Moore,bonillaalex@cervantes.org,2021-03-20,http://www.mayer.com/
23,Tanner,maureen18@barr.org,2020-12-24,http://mccarty-meza.info/
25,Sims,ocole@sanders-lowery.net,2020-04-22,http://www.price.com/
2020,Strong,spencerbright@powell.biz,2021-12-10,https://wall-reid.com/
09,Mullins,dawncoffey@barker.com,2022-05-15,https://newton-esparza.net/
05,Rush,anthonyzuniga@tucker.com,2021-07-27,http://moran.com/
2020,Hurst,carrillokenneth@bowman-montoya.com,2021-10-22,https://allison.info/
03,Collier,mercedes11@floyd-hall.com,2021-07-24,https://bates-christian.biz/
06,Sanchez,dominguezparker@preston.net,2021-12-12,http://hill.com/
26,Manning,vernonrush@harvey.com,2020-06-30,http://www.hurst-johnston.info/
2021,Forbes,samantha34@mccarthy.com,2020-04-11,https://hendrix-pittman.biz/
06,Ryan,joconnor@cooley.com,2021-07-09,https://jones.com/
17,Short,toddmcmahon@beard-lambert.com,2021-01-24,http://hurley.org/
27,Henry,veronicablankenship@pace.com,2020-03-02,http://osborne.com/
28,West,swarren@buck-roach.com,2020-06-24,https://frederick.com/
2020,Gallagher,garymelton@petersen-lam.org,2020-01-03,http://www.lawrence.biz/
11,Wiley,mathisgloria@house-hamilton.org,2020-07-05,https://silva.com/
15,Merritt,patrickfelicia@goodwin.org,2020-12-29,https://henson.net/
29,Mejia,hortonmiguel@mays-rivers.org,2021-02-06,https://morse.org/
2021,Alvarez,preston76@house.com,2020-08-07,https://valencia.com/
03,Berger,moneal@hudson.biz,2021-04-10,http://carpenter-estes.net/
01,Daniel,beckyshaw@bradley-booth.com,2021-07-23,http://cortez-cooper.com/
30,Mueller,kanthony@osborne.com,2020-08-30,https://www.butler.info/
2021,Middleton,alexandraroy@juarez-kane.com,2020-05-23,http://james.org/
09,Fletcher,ckhan@underwood.net,2020-03-25,https://www.chase.info/
02,Wong,joe34@salazar.com,2022-05-13,https://www.duffy-coffey.biz/
2020,Brock,vernon36@browning.info,2021-06-28,http://parrish.com/
07,Petersen,pammorales@james-benjamin.net,2021-03-17,http://werner.org/
06,Fuller,paulcastaneda@burke.com,2021-09-29,http://www.archer.com/
31,Klein Richards,sarahpotts@bradford.com,2020-05-07,https://alvarado.com/
32,Fitzpatrick,wwhite@perez.com,2021-09-12,https://www.kaufman-ho.com/
2020,Gregory,orice@drake.com,2020-10-04,http://tapia-davis.com/
07,Mckay,damon39@terrell.com,2020-02-13,http://www.drake.com/
15,Rhodes,watkinsevan@ward.biz,2021-12-20,https://www.rojas.net/
33,Byrd,meredith05@lawrence-shaw.com,2020-06-17,https://hale-montes.com/
2022,Miller,lacey04@cross.com,2021-10-28,http://www.nguyen-curry.com/
01,Marsh,travisfoley@brandt.com,2021-05-25,https://blake.net/
02,Paul,hmccarty@sharp.biz,2022-01-15,https://atkins.com/
34,Oconnell,alisonsanders@durham.com,2020-04-26,https://www.mack.biz/
2021,Bradshaw,bjordan@small-black.com,2022-01-15,http://www.cordova.com/
03,Chase,damonhowe@larsen.org,2021-07-15,https://newman.com/
09,Crawford,tasha85@wilson.biz,2021-11-27,http://gray.com/
2022,Vance,oneilldamon@spencer.com,2021-09-26,http://barr-faulkner.info/
05,Sanford,weaverclinton@zamora.org,2021-12-25,https://www.walton.biz/
03,Singleton,xtapia@hensley.info,2022-04-25,https://patel.com/
35,Sutton,fenglish@warner.net,2021-11-18,https://www.wells-simon.info/
36,Eaton,brendanbarrera@gill-thornton.info,2022-04-17,https://frey.com/
2021,Huff,peggy95@park.info,2021-05-18,https://www.donaldson-norman.com/
03,Pollard,kerriray@owen-stone.info,2021-10-29,http://www.singleton.com/
17,Hunter,nichole45@michael.org,2021-09-19,https://www.thompson.org/
2021,Miles,daltonrangel@prince.biz,2021-04-27,http://www.elliott-tyler.org/
01,May,vmyers@novak-delacruz.biz,2021-08-01,https://garner.net/
12,Garza Brown,weavermeagan@sampson.com,2020-03-02,https://fox.biz/
37,Oconnell,hebertdarin@kidd.com,2020-03-22,http://www.small.com/
38,Garrett,elizabethcopeland@morris-moss.info,2021-09-17,http://bautista.com/
2020,Bender,cannonshirley@carson-dorsey.com,2021-09-08,https://www.brock.com/
01,Harrison,dana05@hester.net,2021-01-23,http://www.larson.com/
14,Fowler,willie99@snyder.com,2021-09-08,http://sloan.info/
2020,Golden,lunakirsten@zimmerman-salinas.org,2020-06-15,https://howard-crawford.com/
10,Lawson,marthaguerra@anderson.com,2020-04-30,http://www.campos.org/
29,Vaughan,joanne07@pennington.com,2020-10-12,http://www.huffman.com/
39,Hoover,jerry26@hudson-acevedo.net,2020-10-31,http://curry.com/
40,Boyle,katie93@norris.biz,2020-08-27,https://www.whitehead.org/
2020,Noble,gacosta@stephenson-tyler.biz,2020-03-31,http://www.best.com/
03,Molina,madisoncarey@spence-beck.info,2020-10-31,https://hinton.com/
02,Christian,kari95@henry.org,2021-01-31,https://weber.net/
2021,Estes,tiffany09@perkins.com,2021-05-27,http://wilcox.com/
06,Myers,davefarmer@neal-farrell.org,2022-01-13,http://www.walter.info/
11,Barker,lydiameyers@frederick.com,2020-06-24,http://www.escobar.com/
41,Huerta,timothyrivera@wade-galloway.net,2020-09-18,https://www.bridges.biz/
2022,Knight,harmonmadison@finley-clarke.net,2020-10-19,https://nash.info/
02,Booth,vincent58@norton.com,2021-02-08,https://www.mendez-duran.com/
12,Guerra,brandibarker@peterson.net,2021-07-05,http://cantu.com/
42,Murillo,lindsayrocha@preston.org,2021-07-03,http://www.orozco.biz/
43,Lawrence,daniel75@hansen.com,2020-09-17,http://mitchell.com/
2020,Ewing,eschultz@salas.com,2020-08-05,https://vincent.com/
02,Pacheco,perry87@nichols.biz,2021-10-12,https://molina.com/
13,Browning,frederickmisty@carpenter-nielsen.net,2021-01-25,http://palmer-chan.org/
2020,Woods,jodonnell@oliver.com,2021-05-18,http://www.medina.info/
05,Lopez,ehampton@lopez-brandt.org,2021-03-16,https://www.butler.com/
10,Small,evansstuart@griffin.org,2021-12-16,http://mata.com/
44,Kirk,kristina23@carr-arias.com,2020-05-05,https://galvan-lucero.org/
45,Arellano Hayden,gabriellanorton@robertson.org,2021-04-17,http://www.pena.com/
2021,Bullock,lonnieguerra@cooke.com,2020-10-17,https://wallace.com/
01,Leonard,cowandeanna@house.com,2020-11-24,http://frye.com/
04,Mcfarland,reginahancock@walker.org,2021-01-17,http://haney.biz/
2020,Steele,jasmin18@juarez-richmond.com,2021-04-25,http://lam-villanueva.com/
09,Boone,sandy44@thomas.com,2020-11-13,https://bradford.com/
24,Moyer,gravesalisha@harrell.info,2021-11-24,https://www.li.biz/
46,Reese,bcole@stevens.com,2020-03-23,http://www.bernard-archer.info/
47,Bullock,jessica41@klein.biz,2020-10-19,http://www.meadows.org/
2022,Paul,guymorrow@romero-owen.com,2020-06-14,https://www.horne.com/
04,Cardenas,manuel95@holden-franklin.com,2020-09-27,http://www.maldonado.com/
17,Velez,yreyes@rowe.com,2020-01-29,https://li.com/
2021,Collins,russorussell@galloway.biz,2020-12-30,https://franklin.com/
12,Harper,craigwhitney@carrillo.info,2020-04-10,https://randolph.com/
25,Serrano,cwolf@arellano.com,2021-09-30,http://www.wise-horton.com/
48,Robbins,bweaver@levy.info,2020-04-10,https://www.mccarty.biz/
2020,Abbott,wflynn@andersen.com,2021-03-10,https://www.anderson.com/
06,Cantrell,pcannon@choi.com,2021-04-17,http://www.pacheco.com/
23,Washington,luis12@buck.com,2020-11-06,http://flynn-cameron.info/
49,Suarez,fieldskelly@blackburn.biz,2020-03-22,http://macias-duffy.com/
50,Washington,vwhite@peterson-gould.com,2022-03-17,https://www.lambert-smith.biz/
2021,Hamilton,cuevasgeorge@navarro-mcmahon.com,2022-03-24,https://mccarthy.com/
10,Fletcher,breanna32@mayer.net,2020-12-31,https://www.jordan-phelps.org/
06,Morse,kwarner@barrera.org,2021-09-04,http://powers-bird.com/
2021,Pruitt,sharpgreg@rubio-garrison.org,2021-03-01,https://www.stone.com/
10,Peterson,usloan@harrington.com,2022-01-16,https://www.duncan.org/
21,Pearson,ariana05@kelly-arellano.com,2021-01-10,http://www.conrad.com/
51,Meadows,edward56@parks.biz,2020-10-02,http://jones.com/
2020,Dickson,gcollier@golden.com,2021-08-22,https://rhodes-hutchinson.org/
01,Shannon,woodsdevin@maldonado.org,2020-05-17,https://www.wheeler-wong.com/
26,Vasquez,mcbridekylie@mcdowell-christensen.com,2020-10-21,http://johnson.net/
52,Oconnell,rothkerry@atkins-porter.com,2021-08-04,http://www.miranda.info/
53,Walker,jerrygates@garner.net,2022-01-13,https://burnett.com/
2020,Shah,jack76@compton.com,2021-09-09,https://www.hunter.com/
01,Mitchell,kaitlinbooth@hurley.com,2020-08-17,https://www.rhodes.biz/
22,Schmidt,hillterrance@gamble.info,2021-02-01,http://mccann.com/
54,Simpson,mosleyross@lawrence.com,2021-01-28,http://www.weiss.com/
2021,Keith,malik63@frazier-nichols.biz,2022-03-03,http://www.gray.org/
08,Hoffman,luceromaxwell@wong.biz,2021-01-15,http://hodge-ramirez.com/
19,Tyler,luis82@sparks.com,2020-07-05,http://www.butler.biz/
55,Ford,lauren64@faulkner-hood.info,2020-12-05,http://mckee.com/
2022,Gates,elutz@medina-garcia.com,2021-05-11,https://www.payne.com/
05,Gaines,knappalisha@franco.org,2020-03-01,http://www.robbins.biz/
12,Wilson,yolanda40@rhodes.com,2020-05-03,http://www.murray-woodard.net/
56,Jordan,xortiz@gates.com,2021-12-17,https://beltran.com/
2022,Stafford,obates@bennett-nicholson.net,2020-10-26,https://freeman-maddox.com/
04,Saunders,sabrinaerickson@wise.info,2020-09-10,http://odom.info/
21,Barrera,xrollins@mcfarland.com,2020-02-11,https://www.hood-decker.com/
57,Bullock,yolanda53@thomas.info,2022-01-26,https://www.marshall.com/
2020,Stuart,lucas94@barrera.com,2021-02-16,https://booth-guzman.info/
11,Lamb,wisediane@dean.com,2021-03-15,http://bowers-ashley.com/
12,Huang Hendricks,tonyaruiz@farmer.com,2020-03-27,http://www.hatfield.com/
2020,Ramos,triciarichards@shelton.net,2021-03-30,http://www.hurley.com/
10,Carpenter,philip88@carr.biz,2021-12-29,http://www.boyle-archer.net/
11,Whitehead,josephchaney@roach-rocha.info,2021-07-13,https://www.huff.com/
58,Arnold,shanecuevas@terry.com,2020-10-01,http://rubio.com/
59,Lawrence,aserrano@webb.org,2021-03-02,http://gordon.org/
2021,Moran,ericksoncheyenne@taylor.com,2020-10-09,https://harris-houston.biz/
09,Stephens,dorothy66@howe-kim.com,2022-05-10,https://suarez.com/
30,Hale,oscar33@holden-morrow.com,2022-03-23,https://maynard-madden.net/
2021,Lee,jacobskurt@dalton-small.com,2020-12-18,http://www.mathews.com/
06,Savage,iosborn@brady.com,2020-11-08,http://levine-francis.com/
26,Duffy,walterfrye@good-boyer.com,2020-04-12,http://christian.com/
60,Serrano,samuelwelch@reid.net,2020-08-17,https://bush.com/
2021,Rosales,wcole@bell.info,2021-10-18,https://www.roth-haney.com/
10,Arellano,miguelmathis@crawford.info,2022-05-03,https://burnett.com/
22,Shea,romeroangie@cunningham.org,2021-01-26,https://www.jennings-mann.com/
